genome	length	coverage	breadth	BER	FUG1	FUG2	read_count
Abiotrophia_2_added.fasta	2015532	0.01265174653639833	0.00963666168535156	0.8674391645602579	0.3533318744284423	0.3531612227095277	170
Abiotrophia_defectiva.fasta	2046826	0.9947596913465043	0.5889850920400659	1.0076016570018371	0.6319770867879021	0.6315087011082681	13574
Acidithiobacillus_173_added.fasta	2086976	0.00014374865834585544	0.00012122803520500475	0.9551380029939979	0.15377361609639206	0.15384764661996755	2
Acidithiobacillus_45_added.fasta	3675789	0.016078180766088586	0.009586241212430855	0.6800329266380903	0.12016570884526044	0.12016434170080421	394
Acidithiobacillus_ferridurans.fasta	2921399	2.647156379529123	0.9024282544082476	0.9988963071103649	0.6278898204513724	0.6266337387192086	51556
Xanthobacter_10_added.fasta	5216997	0.026567007801614608	0.011320880575549497	0.4882709529452287	0.0254046698676058	0.025422533966759663	924
Xanthobacter_dioxanivorans.fasta	6650762	4.135420873578095	0.9731994619563894	0.9991269898195253	0.6356478161084415	0.6355469590475508	183358
